begin day,5500 price,5500 rate,5000 price,5000 rate,4500 price,4500 rate
2023-04-28,778,-5,703,-2,633,-2
2023-04-21,783,1,705,4,635,4
2023-04-14,782,-12,701,-10,631,-10
2023-04-07,794,-4,711,-1,641,0
2023-03-31,798,-3,712,-2,641,-2
2023-03-24,801,-4,714,-4,643,-3
2023-03-17,805,0,718,-2,646,-2
2023-03-10,805,-4,720,-10,648,-9
2023-03-03,809,7,730,13,657,12
2023-02-24,802,20,717,24,645,22
2023-02-17,782,-17,693,-18,623,-17
2023-02-10,799,-14,711,-25,640,-22
2023-02-03,813,0,736,-4,662,-4
2023-01-20,813,0,740,0,666,0
2023-01-13,813,0,740,4,666,3
2023-01-06,813,0,736,-1,663,-1
2022-12-30,813,0,737,-3,664,-2
2022-12-23,813,0,740,0,666,0
2022-12-16,813,0,740,0,666,0
2022-12-09,813,0,740,0,666,0
2022-12-02,813,0,740,0,666,0
2022-11-25,813,0,740,0,666,0
2022-11-18,813,0,740,0,666,0
2022-11-11,813,0,740,0,666,0
2022-11-04,813,7,740,7,666,7
2022-10-28,806,20,733,18,659,24
2022-10-21,786,0,715,0,635,0
2022-10-14,786,0,715,0,635,0
2022-09-30,786,0,715,0,635,0
2022-09-23,786,0,715,0,635,0
2022-09-16,786,0,715,0,635,0
2022-09-09,786,0,715,0,635,0
2022-09-02,786,0,715,0,635,0
2022-08-26,786,0,715,0,635,0
2022-08-19,786,0,715,0,635,0
2022-08-12,786,0,715,0,635,0
2022-08-05,786,0,715,0,635,0
2022-07-29,786,0,715,0,635,0
2022-07-22,786,0,715,0,635,0
2022-07-15,786,0,715,0,635,0
2022-07-08,786,0,715,0,635,0
2022-07-01,786,0,715,0,635,0
2022-06-24,786,0,715,0,635,0
2022-06-17,786,0,715,0,635,0
2022-06-10,786,0,715,0,635,0
2022-05-27,786,0,715,0,635,0
2022-05-20,786,0,715,0,635,0
2022-05-13,786,0,715,0,635,0
2022-05-06,786,0,715,0,635,0
2022-04-29,786,0,715,0,635,0
2022-04-22,786,0,715,0,635,0
2022-04-15,786,0,715,0,635,0
2022-04-08,786,0,715,0,635,0
2022-04-01,786,0,715,0,635,0
2022-03-25,786,0,715,0,635,0
2022-03-18,786,0,715,0,635,0
2022-03-11,786,0,715,0,635,0
2022-03-04,786,0,715,0,635,0
2022-02-25,786,0,715,0,635,0
2022-02-18,786,-13,715,-15,635,-13
2022-02-11,799,2,730,1,648,-1
2022-01-28,797,-5,729,-1,649,5
2022-01-21,802,23,730,25,644,25
2022-01-14,779,38,705,36,619,33
2022-01-07,741,-32,669,-23,586,2
2021-12-31,773,-59,692,-51,584,-63
2021-12-24,832,,743,,647,
2021-11-26,986,,891,,792,
2021-10-29,1202,,1096,,961,
2021-09-24,1079,,980,,857,
2021-08-27,885,40,798,25,706,20
2021-07-30,845,35,773,29,686,26
2021-07-23,810,0,744,0,660,0
2021-07-16,810,-9,744,5,660,12
2021-06-25,819,24,739,25,648,19
2021-06-18,795,19,714,17,629,13
2021-06-11,776,8,697,7,616,5
2021-06-04,768,24,690,21,611,18
2021-05-28,744,-17,669,-17,593,-20
2021-05-21,761,10,686,8,613,8
2021-05-14,751,35,678,35,605,34
2021-05-07,716,26,643,25,571,22
2021-04-30,690,11,618,10,549,9
2021-04-23,679,28,608,27,540,23
2021-04-16,651,1,581,0,517,1
2021-04-09,650,16,581,14,516,14
2021-04-02,634,23,567,22,502,19
2021-03-26,611,8,545,7,483,6
