unit ID,Capacity£¨MW£©,rated main steam pressure (MPa), rated reheated steam temperature (¡æ), rated reheated steam pressure (MPa), rated reheated steam temperature (¡æ), design exhaust gas temperature (¡æ), utilization hour (h), output coefficient (%), total heat-to-power ratio (%), coal consumption (g coal/KWh), power consumption rate (%), main steam pressure (MPa), main steam temperature (¡æ), reheated steam temperature (¡æ), high-pressure heater input rate (%), condenser vacuum degree (%), water makeup rate for power generation (%), comprehensive water consumption rate for power generation (m?/MWh), exhaust gas temperature (¡æ), unburned carbon in fly ash (%), air leakage rate of air preheater (%), coal volatile content Var (%), coal ash content Aar (%), coal sulfur content Sar (%), power consumption rate of forced draft fan (%), power consumption rate of induced draft fan (%), power consumption rate of primary air fan (%), power consumption rate of coal mill (%), power consumption rate of condensate pump (%), power consumption rate of electrically driven feedwater pump (%), power consumption rate of desulfurization system (%), power consumption rate of coal handling system (%), available hours (h), planned outage times (times), planned outage hours (h), unplanned outage times (times), unplanned outage hours (h), forced outage times (times), forced outage hours (h)
1,300,17.4,541,3.75,541,132,5107,66.53,53.62,340,10.85,15.08,538.63,537.82,100,87.36,0.99,0.53,146.53,2.62,6.54,37.71,33.99,1.46,0.15,1.45,0.78,0.46,0.23,2.99,1.61,0.05,8334,1,426,0,0,0,0
2,300,17.4,541,3.75,541,132,3619,63.45,48.05,345,10.85,14.58,538.24,537.66,100,88.64,0.99,0.53,141.17,2.36,6.21,37.71,33.99,1.46,0.16,1.94,1.28,0.48,0.24,3.24,1.72,0.07,7306.73,1,1309.15,1,144.12,0,0
3,330,17.5,541,3.84,541,138,4045,65.58,59.19,335,10.85,16.27,539.76,537.87,100,77.19,0.99,0.53,137.59,2.16,7.11,37.71,33.99,1.46,0.19,1.54,0.87,0.67,0.18,0.17,1.75,0.24,8328,1,432,0,0,0,0
4,330,17.5,541,3.84,541,138,4448,67.5,59.49,334,10.85,16.1,538.86,537.23,100,83.22,0.99,0.53,139.12,2.65,6,37.71,33.99,1.46,0.2,1.5,0.79,0.68,0.18,0.16,1.68,0.21,8760,0,0,0,0,0,0
5,600,25.4,566,4.49,566,121,3826,55.74,0,327,7.08,17.57,566.4,564.8,100,90.62,0.95,0.64,128.36,1.18,6.95,17.8,36.2,1.43,0.22,1.27,0.46,0.97,0.16,0.21,1.64,0.07,7991,1,769,0,0,0,0
6,600,25.4,566,4.49,566,121,3957,56.91,0,331,7.4,18.26,567.04,563.24,99.49,89.55,1.22,0.64,127.07,1.27,6.96,17.76,36.22,1.44,0.2,1.28,0.45,1.02,0.17,0.21,1.68,0.06,7721.22,1,1033,1,5.37,1,5.37
7,600,25.33,571,5.12,569,126,5525,76.92,0,313,4.88,21,565.2,565.7,100,87.89,0.96,0.32,123.04,1.36,7.88,24.87,29.4,1.23,0.27,0,0.45,0.49,0.24,0.19,1.29,0.09,8014.7,1,685.65,3,59.65,3,59.65
8,600,25.33,571,5.12,569,126,5223,79.09,0,312,4.65,21.02,565.7,565.5,100,87.35,0.83,0.32,121.32,1.15,8.18,24.87,29.4,1.23,0.27,0,0.5,0.49,0.21,0.19,1.24,0,7368.32,1,1360,1,31.68,1,31.68
9,220,13.73,540,2.47,540,126.9,3077,63.19,91.66,352,10.86,10.64,538.83,530.94,100,85.52,1.67,0.43,138.49,2.63,8.6,22.74,30.51,1.02,0.25,1.94,0.96,0.59,0.13,2.61,1.02,0.06,7894.87,1,313.13,1,552,0,0
10,220,13.73,540,2.47,540,126.9,4379,62.06,81.74,357,11.94,10.12,538.38,534.89,100,75,1.11,0.43,146.23,2.53,7.69,22.63,30.73,1.04,0.22,1.91,1.02,0.6,0.15,2.5,1.12,0.07,8280,0,0,1,480,0,0
11,300,17.45,540,3.59,540,129.9,5230,66.7,64.62,341,8.48,14.98,537.63,531.97,100,88.18,0.91,0.43,127.93,2.65,7.34,20.98,35.05,0.87,0.19,1.66,0.84,0.53,0.18,0.19,1.25,0.08,8760,0,0,0,0,0,0
12,300,17.45,540,3.59,540,129.9,5485,69.75,71.16,331,8.48,14.98,537.51,534.46,100,79.85,0.88,0.43,136.34,2.6,9.16,21.18,34.89,0.88,0.18,1.82,0.86,0.47,0.18,0.2,1.11,0.08,7984.15,1,775.85,0,0,0,0
13,300,17.42,541,3.64,541,125.7,4309,56.44,38.35,353,10.22,11.56,540.14,539.29,100,86.54,0.71,0.55,127.23,2.3,7.86,13.57,40.93,2.05,0.1,1.43,0.82,0.39,0.14,2.21,1.49,0.11,7999.48,1,760.52,0,0,0,0
14,300,17.42,541,3.64,541,125.7,3042,58.9,2.42,353,10.22,11.7,539.02,538.52,100,85.54,0.75,0.55,130.41,2.36,7.75,13.57,40.93,2.05,0.1,1.56,0.86,0.41,0.18,2.39,1.66,0.12,8760,0,0,0,0,0,0
15,600,17.24,541,3.8,541,125.8,3921,64.08,0,310,7.35,12.55,539.44,538.05,100,94.24,0.92,1.63,124.56,0.85,5.15,40.71,27.34,0.78,0.21,0.94,0.86,0.85,0.2,0.02,1.52,0.22,6623.6,1,1632,0,0,0,0
16,600,17.24,541,3.8,541,125.8,5098,67.18,0,311,7.38,13.22,539.22,540.01,100,93.73,0.84,1.62,125.04,0.97,5.17,40.71,27.34,0.78,0.21,0.97,0.91,0.92,0.14,0,1.15,0.17,8318.13,1,441.87,0,0,0,0
17,600,25.4,569,4.97,569,127,5805,66.27,10.81,321,6.64,17.94,569.1,567.98,100,86.58,0.83,0.4,136.89,0.82,5.29,40.71,27.34,0.78,0.18,1.05,0.52,1.09,0.21,0,1.55,0,8760,0,0,0,0,0,0
18,600,25.4,569,4.97,569,127,5189,65.9,0,316,6.81,18.07,568.54,568.46,100,86.13,0.82,0.4,138.35,0.82,5.23,40.71,27.34,0.78,0.17,1.07,0.62,1.14,0.21,0,1.44,0,8760,0,0,0,0,0,0
19,350,17.23,541,3.92,541,116,4949,68.87,12.49,318,8.2,12.91,538.63,537.91,100,94.84,0.94,1.74,122.36,5.89,6.41,10.96,26.18,1.47,0.18,1.21,0.53,1.44,0.16,0,1.68,2.07,8181.59,1,400.82,1,177.6,1,177.6
20,350,17.23,541,3.92,541,116,5864,71.29,8.87,317,8.49,13.48,539.01,538.2,100,94.83,0.99,1.76,129.33,5.95,7.31,10.96,26.18,1.47,0.2,1.22,0.5,1.5,0.15,0,1.75,2.51,8760,0,0,0,0,0,0
21,350,17.23,541,3.92,541,116,5473,71.12,3.82,313,8.79,13.19,537.98,537.32,100,94.42,1.01,1.76,133.26,6.19,7.17,10.96,26.18,1.47,0.21,1.24,0.52,1.5,0.16,0,1.59,0.05,8480.8,1,279.2,0,0,0,0
22,350,17.23,541,3.92,541,116,4529,68.68,5.24,312,8.3,12.75,538.31,537.93,100,94.72,1.08,1.75,132.26,6.05,6.61,10.96,26.18,1.47,0.18,1.27,0.5,1.54,0.18,0,1.52,0.04,7172.62,1,1314.3,1,273.08,1,273.08
23,350,17.23,541,3.92,541,116,4846,69.95,15,322,8.47,13.25,538.47,538.01,100,94.83,0.95,1.76,126.39,6.1,7.24,10.89,25.37,1.32,0.19,1.1,0.52,1.47,0.16,0,1.44,0.04,8760,0,0,0,0,0,0
24,350,17.23,541,3.92,541,116,4829,70.62,14.4,322,8.43,13.36,538.67,537.65,100,94.79,1.01,1.75,131.75,5.62,6.57,10.89,25.37,1.32,0.2,1.22,0.51,1.43,0.16,0,1.43,0.04,8760,0,0,0,0,0,0
25,600,17.41,541,3.34,541,125,5563,73.93,5.77,331,9.84,13.63,537.4,536.23,100,88.37,0.99,0.21,139.26,2.92,8.4,10,25.25,1.19,0.42,1.65,0.47,1.61,0.16,2.09,1.21,0.06,8760,0,0,0,0,0,0
26,600,17.41,541,3.34,541,125,3857,71.48,5.77,333,9.79,12.79,537.42,535.59,100,85.89,1.41,0.22,142.06,4.11,7.11,10,25.25,1.19,0.46,1.66,0.39,1.69,0.16,2.11,1.35,0.06,6901.45,2,1858.55,0,0,0,0
27,350,17.21999931,541,3.75,541,119,5186,64.96,9.58,338,7.97,16.5,540.22,540.16,100,96.69,0.2,1.5,116.5,1.68,5,16.68,35.01,0.98,0.25,0.5,0.45,0.9,0.12,0.01,0.99,0.1,7982.27,2,777.73,0,0,0,0
28,350,17.21999931,541,3.75,541,119,5081,64.93,9.55,335,7.97,16.5,540.3,540.18,100,96.88,0.2,1.5,116.3,1.65,5,16.68,35.01,0.98,0.25,0.5,0.45,0.9,0.11,0.01,0.98,0.1,8034.28,1,725.72,0,0,0,0
29,673,25.4,569,4.68,569,125,3407,51.62,11.5,314,7.26,16.38,563.21,556.16,100,91.41,0.59,0.32,143.95,3.05,5.85,21.83,38.29,1.9,0.24,1.36,0.51,1.05,0.17,0.01,1.59,0.19,8184,1,576,0,0,0,0
30,673,25.4,569,4.68,569,125,3556,53.73,14.65,316,7.5,16.75,561.83,558.83,100,91.19,0.59,0.32,143.1,2.99,5.8,22.03,38.48,1.87,0.25,1.28,0.47,0.99,0.18,0,1.5,0.19,7454.85,1,1286.97,1,18.18,1,18.18
31,600,24.7,569,4.58,569,128.4,3788,63.28,10.64,298,5.55,17.04,567.12,566.1,100,94.6,0.71,1.81,114.74,3.98,6.55,16.26,24.78,0.64,0.11,1.21,0.51,0.2,0.15,0.17,0.8,0.09,5985.85,1,1439.57,0,0,0,0
32,600,24.7,569,4.58,569,128.4,5253,65.1,9.53,291,5.58,17.36,566.73,563.06,100,94.66,0.97,1.87,121.09,3.5,4.83,16.26,24.78,0.64,0.14,1.11,0.45,0.26,0.14,0.17,1.06,0.08,8734.6,0,0,1,25.4,1,25.4
33,300,17.43,540,3.41,540,123,4092,58.33,19.37,355,12.45,11.5,537.8,536.1,100,89.9,0.6,0.45,124.2,5.37,8.05,10.64,37.78,2.77,0.17,1.6,0.39,0.88,0.14,2.63,2.28,0.1,7759,2,1001,0,0,0,0
34,300,17.43,540,3.41,540,123,3511,64.44,81,293,12.45,13.2,536.9,536.4,100,74.3,0.85,0.45,130.87,5.4,8.08,10.64,37.78,2.82,0.15,1.97,0.4,0.85,0.14,3,2.09,0.06,6045.37,6,2570.63,2,144,1,72
35,600,17.28,541,3.44,541,126,3923,60.58,30.77,347,11.27,12.3,536.7,536.4,100,90.6,0.82,0.45,119.71,5.13,7.96,12.03,38.61,2.32,0.16,1.78,0.69,0.48,0.15,2.86,2.1,0.1,7194,2,1566,0,0,0,0
36,600,17.28,541,3.44,541,126,3112,58.44,22.74,355,11.27,12.3,537.6,536,100,91.2,0.65,0.45,120.87,5.16,8.25,12.03,38.61,2.47,0.19,1.77,0.69,0.49,0.16,2.8,2,0.05,6931.75,4,1828.25,0,0,0,0
37,300,17.46,540,3.6,540,125,5834,72.77,0,359,10.66,16.6,536.94,536.52,100,84.12,0.14,0.35,134.57,1.92,6.5,15,42,2.35,0.19,1.72,0.7,1.25,0.16,1.98,1.26,0.11,8017.55,1,742.45,0,0,0,0
38,300,17.46,540,3.6,540,125,5645,73.77,0,331,10.66,16.56,536.5,536.48,100,84.27,0.17,0.37,134.02,1.87,6.5,15,42,2.35,0.2,1.81,0.66,1.19,0.16,2.01,1.18,0.1,7651.87,1,1108.13,0,0,0,0
39,135,13.22,540,2.21,540,127,2261,58.85,81.32,388,15.94,9.53,535.12,534.23,100,82.12,1.37,0.31,136.2,2.63,6.91,40.47,39.93,1.58,0.43,2.41,1.33,0.97,0.28,2.59,2.84,0.08,8376,6,384,0,0,0,0
40,135,13.22,540,2.21,540,127,1541,53.62,230.99,280,17.21,9.67,535.26,534.27,100,80.2,1.83,0.33,133,2.53,7.12,40.47,39.93,1.58,0.52,2.89,1.57,1.23,0.28,3.3,3.2,0.08,8760,3,0,0,0,0,0
41,350,22.34,560,3.69,560,125,3966,71.36,48.78,322,7.04,19.39,566.88,566.89,100,89.76,0.79,0.27,131.24,2.1,5.89,40.47,39.93,1.58,0.18,1.49,0.84,0.51,0.2,0.15,1.79,0.05,7512.47,11,1247.53,0,0,0,0
42,350,22.34,560,3.69,560,125,4723,66.45,68.26,307,7.35,20.19,566.82,566.4,100,89.81,1.08,0.25,131.52,2.1,5.91,40.47,39.93,1.58,0.17,1.38,0.75,0.53,0.21,1.16,1.8,0.05,7872,4,888,0,0,0,0
43,330,17.45,541,3.7,541,124,5513,68.85,75.09,332,10.46,14.56,537.33,537.98,100,76.03,0.76,0.41,132.03,3.33,7.15,12.03,36.85,1.37,0.23,1.47,0.51,1.12,0.15,2.85,1.52,0.08,8216.35,1,543.65,0,0,0,0
44,330,17.45,541,3.7,541,124,4495,64.05,57.29,347,10.47,14.59,537.22,537.98,100,89.6,0.67,0.39,134.65,3.16,8.34,12.03,36.76,1.36,0.27,1.72,0.47,1.2,0.12,3.04,1.59,0.08,7389.3,1,1358.13,1,12.57,1,12.57
45,600,17.5,541,3.56,541,123,4938,64.39,19.17,312,9.9,12.2,539.5,538,100,87.49,0.98,0.42,129.6,2,5.88,25.44,32.38,0.99,0.2,1.16,0.49,0.51,0.15,2.42,0.93,0.06,8123.48,2,636.52,0,0,0,0
46,600,17.5,541,3.56,541,123,5086,68.6,47.56,284,9.69,12.6,538.7,539.5,100,80.56,0.98,0.42,137.7,2.1,6.45,25.44,32.38,0.99,0.19,1.17,0.5,0.49,0.15,2.3,0.83,0.06,8140.97,1,619.03,0,0,0,0
47,660,25.44,571,4.18,571,122,3752,61.75,32.35,300,8.2,18,567.6,568.5,100,90.17,0.91,0.42,131.3,2.2,6.48,26.69,25.92,0.98,0.17,1.13,0.61,0.46,0.14,0.18,1.3,0.06,6998.23,2,1703.24,1,58.53,1,58.53
48,660,25.44,571,4.18,571,122,4324,61.79,26.42,301,7.85,18.8,567.8,570.1,100,88.27,0.91,0.42,130.9,2.2,6.21,26.69,25.92,0.98,0.16,1.02,0.56,0.49,0.14,0.18,1,0.06,7435.43,1,1324.57,0,0,0,0
49,600,17.5,541,3.3,541,123.4,612,55.62,0,341,6.86,12.97,534.96,525.55,100,91.79,0.87,0.59,132.24,2.13,6.5,20.17,32.78,1.26,0.21,1.78,0.59,0.45,0.19,0.25,1.66,0.06,4599.32,1,4160.68,0,0,0,0
50,600,17.5,541,3.3,541,123.4,1746,57.33,0,341,6.59,13.07,536.61,528.13,100,90.86,0.85,0.59,134.42,1.76,8.2,19.85,33.33,1.15,0.2,1.59,0.61,0.43,0.18,0.24,1.63,0.19,8760,0,0,0,0,0,0
51,300,17.32,540,3.47,540,123.2,5148,67.05,54.06,339,8.35,15.2,536.21,535.31,100,81.13,0.91,0.36,133.9,1.71,7.55,34.61,42.91,1.42,0.18,1.51,0.97,0.54,0.18,0.24,1.79,0.09,8760,0,0,0,0,0,0
52,300,17.32,540,3.47,540,123.2,5174,64.93,59.1,341,8.39,15.12,536.77,536.27,100,89.84,0.76,0.36,130.41,2.07,7.85,34.61,42.91,1.42,0.2,1.56,0.98,0.61,0.17,0.23,1.81,0.09,8376,1,384,0,0,0,0
53,600,17.28,541,3.44,541,128,3936,59.14,0,332,798,13.54,537.34,530.38,100,84.97,2.01,0.4,118,1.88,5.58,30.71,41.88,1.25,0.16,1.69,0.58,0.51,0.2,0.07,1.51,0.18,7973.37,3,714,1,72.63,1,72.63
54,600,17.28,541,3.44,541,128,3820,59.9,0,331,7.98,13.48,537.87,532.95,100,85.66,2.04,0.4,112.6,1.94,6.14,30.16,40.79,1.33,0.13,1.54,0.61,0.52,0.27,0.05,1.48,0.18,7312,1,1448,0,0,0,0
55,600,17.5,541,3.76,541,128.3,5729,70.16,3.56,321,8.25,14.8,537.1,517.99,100,86.28,0.52,0.23,117.89,3.42,5.98,20.58,43.47,0.4,0.14,1.2,0.65,0.59,0.17,2.13,0.91,0.11,8166.02,1,593.98,0,0,0,0
56,600,17.5,541,3.76,541,128.3,4631,69.49,3.55,322,8.23,14.74,538.74,524.91,100,83.5,0.46,0.22,115.1,3.21,6.13,20.58,43.47,0.4,0.13,1.19,0.67,0.61,0.19,2.09,0.9,0.25,7390.5,6,1952.32,1,142.33,1,142.33
57,330,17.47,540,3.58,540,125,5836,72.09,48.94,331,9.11,14.25,539.86,540.62,100,87.92,0.85,0.54,123.01,2.96,5.51,10.85,36.4,1.52,0.22,1.98,0.26,1.2,0.12,0.14,1.67,0.06,8376,1,384,0,0,0,0
58,330,17.47,540,3.58,540,125,5396,72.22,71.38,313,9.32,14.34,539.96,540.61,100,79.24,0.79,0.54,126.2,2.85,5.53,10.86,36.41,1.52,0.21,2.16,0.2,1.2,0.13,0.14,1.46,0.06,8013.33,1,746.67,0,0,0,0
59,350,22.45,560,4.05,560,125,5027,64.11,5.52,348,4.76,18.95,564.89,563.56,100,89.85,0.68,0.48,124.27,1.78,5.51,28.18,39.85,1.35,0.17,1.12,0.45,0.32,0.16,0.16,1.01,0.03,8089.68,1,670.32,0,0,0,0
60,350,22.45,560,4.05,560,125,4780,63.61,53.01,307,5.65,18.87,565.27,563.45,100,89.91,0.81,0.49,123.85,1.72,5.42,28.18,39.85,1.35,0.17,1.29,0.47,0.36,0.17,0.17,1.15,0.04,7946,1,814,0,0,0,0
61,660,25.26,569,3.89,571,124,5055,69.57,6.87,325,6.27,17.99,568.56,558.67,100,89.47,0.98,0.23,136.06,2.25,6.5,22.45,41.35,1.82,0.16,0.29,0.65,0.54,0.18,2.71,1.7,0.09,7467.17,2,1281.17,0,0,0,0
62,660,25.26,569,3.89,571,124,4741,67.14,6.87,330,7.15,17.01,569.04,564.75,100,89.88,0.98,0.23,140.37,2.38,7.2,22.45,41.35,1.82,0.16,0.45,0.7,0.5,0.19,2.58,1.61,0.09,7926.83,4,1561.24,0,0,0,0
63,660,25.35,569,4.18,569,125,5897,79.26,0,318,5.83,20.82,560.81,559.75,100,76.21,0.85,0.24,125.49,2.71,6.2,21.92,40.19,0.31,0.17,1.41,0.5,0.61,0.17,0.2,0.77,0.04,8193.3,2,566.7,0,0,0,0
64,660,25.35,569,4.18,569,125,5517,80.26,0,318,5.6,21.5,561.82,561.99,100,75.62,0.83,0.23,119.55,2.85,5.5,21.92,40.19,0.31,0.17,1.26,0.5,0.61,0.18,0.2,0.67,0.04,7176.16,2,1583.83,0,0,0,0
65,200,13.73,540,2.47,540,126.9,3153,62.60930554,86.95338108,294,11.40899277,10.38038823,538.5895485,532.7874726,100,79.61499539,1.357094109,0.43,142.4263876,2.582235691,8.259179898,22.67496143,30.62318377,1.030818759,0.237062552,1.9248582,0.983557273,0.594685163,0.13869294,2.550871986,1.067418214,0.06562572,8103.159898,0.43335338,180.3356707,1,511.5145429,0,0
66,270,17.43325761,540.3557738,3.607172711,540.478655,126.9308005,5157,64.51273293,31.25786099,300,10.59653365,14.04882131,537.7445743,536.7475355,100,85.2088748,0.707614392,0.46284459,133.1279602,2.825192187,7.303847585,20.12244187,37.79420109,1.761580429,0.152508799,1.717356237,0.75493336,0.672969515,0.172054228,1.945286133,1.563124664,0.087888001,7786.201002,1.613852725,774.7780784,0.154248686,24.86018716,0.066480469,8.913914734
67,300,17.41648537,540.1962649,3.549253816,540.2807624,126.402257,3695,63.82828144,34.21247867,376,10.26559126,14.11095907,537.6881788,536.4971728,100,84.25877408,0.701144066,0.425079552,132.1543388,2.715359817,7.567427481,20.3639666,39.23255649,1.825846343,0.161367757,1.675596887,0.77423814,0.721462303,0.171548106,1.65374996,1.641002259,0.091978407,7972.239224,1.418664067,806.2602869,0.304398462,35.07515157,0.061199896,6.508197717
68,60,13.22,540,2.21,540,127,2090,56.51942838,156.6081462,372,16.58965212,9.599892027,535.1988869,534.2495857,100,81.14253846,1.603094613,0.319269842,134.3350165,2.578040188,7.0105992,40.47,39.93,1.58,0.46861746,2.649478999,1.452188437,1.107215796,0.28,2.936691842,2.997183972,0.08,8575.518573,4.592716512,211.9058324,0,0,0,0
69,100,13.22,540,2.21,540,127,2815,56.33480774,144.5792789,400,16.5460943,9.603970399,535.1891437,534.2498861,100,81.11040364,1.65864002,0.319543428,134.3433893,2.579796839,7.022813444,40.47,39.93,1.58,0.480477651,2.649725197,1.441977314,1.082906313,0.28,2.960231978,3.015169616,0.08,8564.995597,4.421392641,182.5715204,0,0,0,0
70,120,13.22,540,2.21,540,127,7601,56.09398678,156.5040726,308,16.49113112,9.595700354,535.1722735,534.2529647,100,81.29921605,1.619887431,0.321256746,134.5131187,2.580837203,7.013154033,40.47,39.93,1.58,0.471643037,2.636180585,1.435075363,1.104269383,0.28,2.9517955,2.99589363,0.08,8576.184339,4.44705068,189.0861981,0,0,0,0
71,200,13.73,540,2.47,540,126.9,3154,62.61302753,86.93359221,284,11.43656183,10.37267588,538.6051794,532.881694,100,79.54970861,1.363685939,0.43,142.2406635,2.579847364,8.143486726,22.6799643,30.62900353,1.030032448,0.234465849,1.923586818,0.993186997,0.595532956,0.139657222,2.554903211,1.065013978,0.064721413,8068.88793,0.466717449,169.8762185,1,520.9828435,0,0
72,75,13.22,540,2.21,540,127,5941,55.97429662,162.8753523,302,16.56485742,9.594187496,535.1885754,534.2495996,100,81.24022975,1.557634274,0.318702804,134.7464173,2.579506029,7.02996768,40.47,39.93,1.58,0.483923391,2.664234952,1.45331005,1.098942011,0.28,2.978614679,3.005275869,0.08,8548.042671,4.443801114,154.5495439,0,0,0,0
73,270,17.42974288,540.400485,3.585377181,540.3682541,127.1674224,3545,63.39295578,37.59003447,368,10.22577324,14.19407704,537.9872577,536.59748,100,84.7637523,0.704020106,0.458502619,133.0595277,3.131762277,7.340295561,18.75302805,37.79418106,1.953692016,0.157419743,1.705756131,0.72925507,0.68741477,0.180935746,2.227234438,1.521462157,0.088653022,7832.840811,1.424408615,780.488776,0.342186166,29.49191362,0.099375253,5.182960808
74,270,17.42826307,540.2954526,3.592275416,540.4147557,127.0297586,3700,64.51050944,36.23721269,362,10.56133351,14.16887474,538.02245,536.4353184,100,84.32292846,0.698884179,0.456658736,133.9120839,2.960024092,7.536223533,19.06561938,37.94718174,1.876871735,0.155892532,1.671018428,0.749342317,0.619262109,0.169225529,2.117540473,1.514544317,0.08775931,7858.494205,1.58329143,941.8077021,0.286536741,35.76360193,0.112472854,7.803440025
75,24,13.22,540,2.21,540,127,2679,56.33320026,154.0505218,397,16.54351288,9.596852361,535.1958691,534.2527349,100,81.07874112,1.594402338,0.319364626,134.591775,2.582044011,7.009787227,40.47,39.93,1.58,0.477698795,2.651313232,1.43888003,1.103261169,0.28,2.929497224,3.007965568,0.08,8539.688738,4.520160747,212.8419864,0,0,0,0
76,100,13.22,540,2.21,540,127,1049,56.04168034,153.057399,364,16.6009284,9.595774441,535.191303,534.2500474,100,81.16932596,1.560001489,0.320274944,134.7560123,2.585885666,7.015115089,40.47,39.93,1.58,0.470258045,2.641586567,1.457008026,1.118845271,0.28,2.932286894,3.001610061,0.08,8539.625829,4.787159292,225.0890677,0,0,0,0
77,15,13.22,540,2.21,540,127,6970,55.43520812,179.2447076,466,16.61288184,9.600974344,535.1888666,534.2449783,100,81.16780462,1.586569072,0.321143003,135.1080036,2.585948074,7.016264072,40.47,39.93,1.58,0.471178826,2.674370104,1.479294355,1.11490444,0.28,2.96707991,3.027314026,0.08,8555.582483,4.378885584,217.5253383,0,0,0,0
78,270,17.43421131,540.509115,3.597084912,540.4010377,126.8666408,3958,64.97865439,34.15154282,368,10.54285538,14.109405,537.8298243,536.8185608,100,85.98969239,0.723974447,0.461596813,132.5440636,3.08038314,7.301638287,20.2499304,37.60757194,1.816884489,0.161872393,1.703576632,0.774638652,0.614314353,0.174041648,1.984493157,1.531624016,0.083456051,7913.864883,1.773197707,1016.867379,0.253223571,22.84464302,0.140543913,7.400555444
79,150,13.22,540,2.21,540,127,2956,56.50359383,164.6219985,375,16.57335674,9.602617903,535.1872062,534.2493762,100,81.18166638,1.594030818,0.320512734,134.608678,2.573658579,7.008562112,40.47,39.93,1.58,0.475620306,2.65509682,1.445599591,1.100651705,0.28,2.935127632,3.000687898,0.08,8545.809213,4.473652714,190.2937323,0,0,0,0
80,270,17.43317241,540.367025,3.614574421,540.3753395,127.0655273,4424,64.4524581,35.96728025,376,10.65517035,14.21042587,537.9985465,536.4117432,100,84.50277769,0.677724703,0.461186961,133.733077,2.985471759,7.397579413,20.84915132,38.19328279,1.738755242,0.156123251,1.685223374,0.754061334,0.649464257,0.174272918,2.058013464,1.615673172,0.088399799,7897.047208,1.121932899,936.0462948,0.201495684,33.64751763,0.088873278,9.599395078
81,12,13.22,540,2.21,540,127,1756,55.90531943,149.992469,416,16.56708218,9.609043295,535.1942979,534.2483037,100,81.2972192,1.588144232,0.319980403,134.5635312,2.579538342,7.026178045,40.47,39.93,1.58,0.478470077,2.658805699,1.446263662,1.114315718,0.28,2.984867726,3.008297398,0.08,8557.626552,4.357363568,166.872741,0,0,0,0
82,270,17.431915,540.4751405,3.591810379,540.4442332,127.5618775,4347,65.73361973,39.72862091,385,10.47249577,13.89439515,537.874844,536.6036966,100,84.1342701,0.70685456,0.459551422,133.3038768,2.88710696,7.241935073,19.52034102,37.97937526,1.817463337,0.161942819,1.646708689,0.7385,0.694389627,0.177250862,2.052169022,1.571233992,0.087754617,7970.746437,1.426417382,847.5514888,0.262750043,23.68166524,0.128124893,6.833144192
83,100,13.22,540,2.21,540,127,3436,56.22172802,151.8147333,380,16.546393,9.604335106,535.1901636,534.2505362,100,80.88323155,1.612878495,0.320748529,134.6751287,2.585230339,7.013405285,40.47,39.93,1.58,0.469299184,2.663556109,1.454754883,1.103056704,0.28,2.959072296,3.056995948,0.08,8546.300962,4.268082119,194.992778,0,0,0,0
84,100,13.22,540,2.21,540,127,5202,56.23237731,173.7283972,408,16.46503324,9.59606821,535.1877239,534.2483706,100,81.23513754,1.613230219,0.320086376,134.1437144,2.569425523,7.014454735,40.47,39.93,1.58,0.470508292,2.631201477,1.441477374,1.095080699,0.28,2.945506947,3.005747836,0.08,8550.415803,4.278272375,213.6476619,0,0,0,0
85,100,13.22,540,2.21,540,127,885,56.05654572,161.066313,258,16.5237001,9.606164249,535.194085,534.2524824,100,81.14608735,1.593243979,0.32067397,134.7117829,2.58708664,7.023578775,40.47,39.93,1.58,0.477136445,2.612685926,1.45751812,1.100127204,0.28,2.931782133,3.001429795,0.08,8568.52769,4.652910077,197.4799728,0,0,0,0
86,160,13.22,540,2.21,540,127,3392,56.12101756,146.5629882,436,16.58651929,9.614501504,535.1844122,534.2505008,100,81.30343686,1.576752205,0.31913172,134.6267583,2.582154395,7.012027232,40.47,39.93,1.58,0.471163555,2.672817503,1.454207472,1.085756467,0.28,2.949898484,2.99812647,0.08,8566.893455,4.579514408,187.3581899,0,0,0,0
87,300,17.41715075,540.3066892,3.576667052,540.2404904,126.0170674,5161,65.16970679,40.87366267,305,10.13601919,13.93432372,537.630743,536.3768741,100,84.51327991,0.726025461,0.428823678,132.3947826,2.719698703,7.573161824,20.83600177,38.70036612,1.948447386,0.165287138,1.688855623,0.8262598,0.700221414,0.17116929,1.593681492,1.534433308,0.094613265,7999.620315,1.29640005,824.8093456,0.341272663,28.10959857,0.095282607,7.414482642
88,300,17.42107073,540.2968029,3.574951775,540.2332608,125.6591148,5161,64.93046535,40.97272239,305,10.24698733,14.18947725,537.5780516,536.1348841,100,85.12477197,0.667523906,0.437775602,131.2293761,2.797822011,7.44238925,21.53974723,38.96809525,1.763004648,0.167215997,1.672096946,0.805166438,0.656415615,0.173629263,1.670019604,1.608402755,0.09277316,8012.977858,1.163619652,854.1756811,0.154666261,27.27171142,0.078262716,6.514079097
89,500,22.0947732,555.6251298,4.270531368,557.8338638,125.3802383,3668,65.57641912,6.335377979,311,7.699838431,16.30294009,554.8717779,553.2962359,99.95094617,90.52405832,0.915633838,0.762736925,126.3952937,2.483302982,6.517616781,22.39775719,29.20683273,1.194318665,0.232055106,1.121638389,0.568269527,0.787070439,0.177085421,0.877526039,1.474508774,0.069802037,7874.3261,1.021918156,808.4313349,0.398663013,9.814156283,0.38534539,9.266150896
90,500,22.10538528,555.904128,4.270812018,558.7050714,125.4427421,3668,66.42398258,6.832893851,311,7.740192137,16.30109955,555.5267907,552.7471165,99.94376613,90.20965466,0.918911642,0.908900744,127.5902645,2.360039049,6.433380376,22.33880582,30.30309205,1.11445799,0.222504585,1.03151296,0.583291431,0.814610635,0.173944531,0.691155378,1.436579721,0.079075813,7798.068627,1.033248914,953.4104107,0.374171569,12.07992632,0.433963527,9.197261046
91,300,17.41458824,540.2225797,3.555033217,540.1973013,125.8145731,4688,65.84162091,40.85527259,321,10.35513535,14.15743684,537.4861707,536.3028832,100,84.26394292,0.737139956,0.427426314,132.2048422,2.751882234,7.426039908,23.40132702,39.07721653,1.829248231,0.165468115,1.674001558,0.812204635,0.723962973,0.171202685,1.670679403,1.635637812,0.090484681,7922.012886,1.270402093,639.1076251,0.309891385,34.7764509,0.085766015,9.118115664
92,300,17.41028711,540.3629766,3.575208196,540.2949773,126.0317453,4688,65.10829614,38.88663605,321,10.34614022,14.33836485,537.5688004,536.1290071,100,85.12690248,0.693655202,0.443926787,132.3534419,3.221608062,7.607250352,20.63049228,39.55650854,1.879893735,0.163864363,1.702407047,0.775471862,0.698179699,0.169269886,1.574074276,1.602869521,0.091354481,7926.284396,1.155589317,872.8836293,0.281633561,26.14427975,0.10552167,6.838644756
93,330,17.3623397,540.7998341,3.803233169,540.7549894,123.6069914,5211,69.02093057,35.34785851,316,9.446055409,14.02035874,538.8669608,538.4304926,100,89.81482073,0.939737628,1.085383313,131.0069037,4.236346346,6.808705962,16.78549447,32.0685184,1.470658125,0.207421829,1.538035869,0.532968782,1.231635563,0.148819434,0.392705685,1.627978372,0.568936495,8132.138207,0.770543536,630.2359353,0.275690888,66.14328204,0.359084311,41.31397313
94,330,17.3728391,540.7980961,3.802278842,540.6691098,124.2297855,5211,69.09600127,35.33120247,316,9.249179225,14.06759425,538.8005273,538.1634456,100,87.50951341,0.93465421,0.966999566,131.2125928,4.234345965,6.633703296,15.06221908,32.08038966,1.462380056,0.207186985,1.573978242,0.504026867,1.206419429,0.153685161,0.277400016,1.630092984,0.46400484,8234.467507,0.781605779,586.0440693,0.354858955,50.68587,0.389835679,60.47456462
95,300,17.41067407,540.2680981,3.580456021,540.2351014,126.2550397,4187,64.26868071,40.67941832,307,10.12218406,14.06176189,537.5541806,536.3346013,100,83.96917088,0.682779846,0.437187752,131.4754168,2.766850408,7.455454663,22.24601622,39.99171681,1.853722796,0.168667108,1.694111596,0.767860514,0.697782767,0.173579548,1.653916907,1.609124916,0.09227473,7974.427393,1.293171048,749.3848912,0.288316006,21.15883063,0.133116058,3.349608583
96,300,17.42113652,540.2795934,3.558443863,540.2170579,125.5464793,4187,64.75036033,38.64118963,307,10.13013662,13.974646,537.5533537,536.2526927,100,84.32984463,0.716441907,0.43369776,132.7236669,2.674157118,7.563980525,21.32211086,39.66254626,1.955767625,0.163161949,1.688267095,0.790300162,0.67864285,0.168210588,1.830482995,1.610837054,0.089351034,7916.436857,1.218637145,792.1408512,0.297955206,24.80420916,0.087003451,8.756052614
97,350,18.94908976,547.0517577,3.881621871,547.2013401,119.4181542,4537,67.95432456,21.68772305,322,7.624866448,15.73024208,546.9218033,547.4018974,100,93.52236434,0.773959767,1.203998859,125.9520385,3.791862601,6.142453606,20.72745379,32.58290932,1.346286533,0.195485482,1.108480915,0.538704789,0.989039669,0.159645062,0.115842661,1.390611765,0.472962638,8265.489531,2.032655951,487.8110314,0.082457373,13.82503503,0.063164158,11.49725765
98,350,19.17091564,549.7382276,3.850998896,548.7758127,119.5856374,4537,68.06109324,24.07447793,322,7.606039165,15.72943513,548.75043,548.600299,100,93.48421721,0.849742958,1.143974479,126.1202392,3.690789119,6.090047267,21.55977958,33.36902144,1.328482994,0.19815444,1.107420304,0.531137759,0.98026089,0.16043113,0.097618743,1.420088693,0.495388598,8291.209354,1.719332578,554.9217884,0.093424726,11.55742414,0.116299059,16.68288832
99,300,17.41681093,540.2849444,3.528202152,540.336124,125.9928467,4448,65.88069005,38.91320803,335,10.3415406,14.24159007,537.4631805,536.7020678,100,84.65545225,0.690527001,0.442551735,132.5529732,2.724096253,7.441822635,19.03800377,39.18088926,1.786029825,0.167065331,1.675936676,0.820231344,0.691895706,0.175109618,1.354206498,1.630368464,0.090972185,7987.851812,1.514594301,860.5452857,0.324108769,33.62936626,0.094572944,2.412211541
100,300,17.41521742,540.2721618,3.54704098,540.3006407,126.40284,4448,65.68636832,39.6211873,335,10.13484625,14.09812121,537.582567,536.0504784,100,85.00186355,0.740835143,0.453066507,132.19454,2.961561652,7.63688482,21.87028812,39.14721214,1.905983326,0.165546424,1.685380064,0.76018999,0.674189372,0.167344681,1.649868297,1.600515718,0.091353595,7861.510027,1.395137841,780.8264788,0.262345337,27.89270903,0.033211722,6.663505381
101,300,17.41736473,540.1582835,3.560832702,540.2310433,125.7950156,2942,64.43508653,40.70245846,373,9.98741563,13.96618489,537.6482057,536.6466372,100,84.90819455,0.689250851,0.44497221,131.6923474,2.738330318,7.667375668,22.4513607,39.1646252,1.846035645,0.160378606,1.688332452,0.818037615,0.664643992,0.168174625,1.686613068,1.597025666,0.090877232,7921.557719,1.557540815,869.4626424,0.20954588,24.36192238,0.104898417,8.106025349
102,300,17.41823713,540.3327976,3.547785805,540.2472078,125.7881948,2942,65.11878092,38.90192775,373,10.01114127,14.20359717,537.6269076,536.0455646,100,85.16242896,0.722912175,0.436605867,131.2292259,2.620126763,7.363959211,20.65037284,39.19077651,1.753395832,0.167533014,1.696900813,0.800774859,0.659375173,0.172560281,1.643434274,1.630298478,0.092311271,8003.381901,1.161996277,878.1640785,0.161566677,24.08112963,0.105244157,5.541994501
103,330,17.3636492,540.7461782,3.805779195,540.7506331,121.9838827,3935,69.17015154,33.77629353,353,9.468760778,14.24616195,539.1033374,538.4511498,100,87.5084824,0.909153875,1.081087849,131.0704295,4.191279633,6.479211358,16.58522705,31.02757566,1.467282463,0.207394383,1.52952885,0.513744408,1.2365404,0.155003281,0.231198333,1.636942544,0.7559368,8147.906819,0.768856662,601.7172865,0.361076873,40.75702193,0.342117772,65.82312583
104,330,17.37089403,540.7279475,3.796180327,540.7689578,123.789362,3935,68.93562727,37.11400417,353,9.359021153,14.29937026,538.8772775,538.5030346,100,89.66353153,0.911267367,1.071444089,131.4493043,4.246484649,6.58592598,16.90478995,31.84213785,1.464945623,0.210045379,1.561828421,0.545667923,1.23449067,0.150942852,0.433094202,1.633990333,0.739323222,8145.857665,0.905723087,556.6913832,0.354983628,39.95565401,0.32795839,49.41559101
105,300,17.41011825,540.2197272,3.567908986,540.2990798,126.3969979,5154,65.40578188,40.3357305,302,10.39438167,14.21454533,537.6628687,536.5065065,100,84.79554187,0.737805684,0.442398162,132.1852072,2.744602933,7.515558635,20.05334299,39.12221439,1.870818435,0.168241255,1.685036005,0.770422577,0.744699318,0.166480542,1.707523803,1.600917899,0.093181011,8138.764415,1.206514022,660.5042204,0.387149323,23.00689179,0.095210913,8.062545295
106,300,17.4126391,540.2019681,3.568900957,540.3354524,126.2518082,5154,65.00120256,36.62989576,302,10.01462764,14.27360241,537.5879699,536.3291393,100,84.25065069,0.682786804,0.432667022,131.8553856,2.743591076,7.421444069,21.81246454,38.75912891,1.830221476,0.168430976,1.678060438,0.775688715,0.711716756,0.168421891,1.599264419,1.619189529,0.094412159,7952.030616,1.306822211,814.8049111,0.266347861,21.27133197,0.106628581,7.1209464
107,300,17.41270369,540.2840697,3.578172301,540.309186,126.4487238,4906,65.50474862,44.83200421,291,10.20387369,14.45858578,537.6133,536.2214347,100,84.28064932,0.662406716,0.439526585,132.7193095,2.903258079,7.571721702,19.4780839,38.92308654,1.801142867,0.162311291,1.697927803,0.779410228,0.703165015,0.167006023,1.69399207,1.554317966,0.091291337,7976.831165,1.151520158,715.1440844,0.244042593,25.39231466,0.110049798,6.319694659
108,300,17.42169797,540.2586981,3.568607953,540.2070977,125.7451121,4906,65.16348606,39.00704393,291,10.11479052,13.78520442,537.6636063,536.6072019,100,84.89327256,0.731836359,0.434564699,131.7255539,2.78973575,7.625990926,20.57460785,38.93272785,1.801675367,0.163333124,1.689644365,0.795628586,0.665245789,0.170913657,1.683771851,1.590609391,0.090968507,7930.494184,0.956539673,780.4162336,0.202920982,23.87264574,0.115122817,7.144565485
109,600,20.60196538,554.2302516,4.083759632,556.3043701,125.6416228,5289,68.06801942,10.06190314,290,8.36951852,15.49937998,554.691156,551.237843,100,89.10532244,0.91396515,0.660644666,129.1145587,2.337002217,6.474080462,22.80934353,29.07695911,1.117580887,0.205841092,1.167281025,0.567835368,0.819300752,0.169709286,0.974888003,1.300426758,0.068561925,7676.519219,1.197689436,741.0466212,0.307225843,10.24284731,0.419177353,6.892492705
110,600,21.52254703,556.0651093,4.2715211,552.8034411,125.276684,5289,65.69144484,12.94214285,290,8.018848733,15.09057926,554.5906466,551.8671887,100,89.3222877,0.904123049,0.687640624,126.4901426,2.153203256,6.505200393,22.457399,29.8182323,1.17143574,0.226896977,1.193292005,0.569837103,0.769471577,0.181163918,0.955150223,1.302629998,0.08523297,7719.764963,1.139000881,926.2895251,0.311074743,7.768933389,0.262316818,10.52960631
111,300,17.41138131,540.2063733,3.554389218,540.3601118,125.9931605,5289,65.89420497,42.12307223,290,10.29147368,14.49533002,537.672949,536.028123,100,84.11693828,0.755959684,0.446053414,131.8633769,2.55866893,7.682324825,20.88228916,38.86371937,1.931517054,0.162387028,1.688576562,0.805091778,0.668957297,0.172415815,1.501635761,1.61147474,0.087960477,8076.588983,1.466818103,742.3880447,0.306910161,24.68092431,0.056985405,7.494580532
112,300,17.41229001,540.2913893,3.544206858,540.4087283,126.340926,5289,64.76382533,36.1088222,290,10.14003513,14.15996021,537.7524562,536.3927415,100,85.70220016,0.69296184,0.44465238,131.6586098,2.813927565,7.500016075,19.62654083,39.41226503,1.825421651,0.171491298,1.713606125,0.828334593,0.686146101,0.172333527,1.679308183,1.594645034,0.092936371,8074.138094,1.302740761,705.8923861,0.237973756,27.54410215,0.073331298,7.164479386
113,200,13.73,540,2.47,540,126.9,4072,62.56830747,87.11080515,382,11.37959128,10.44318227,538.6275,532.833145,100,80.7843997,1.417446758,0.43,143.0935806,2.57707866,8.162799721,22.68432785,30.61212294,1.029792678,0.234978429,1.928694542,0.986676569,0.593919251,0.139362333,2.564787222,1.058998195,0.065288888,8082.834636,0.503592609,158.9614939,1,514.6926298,0,0
114,200,13.73,540,2.47,540,126.9,4072,62.57733715,87.01822857,382,11.46601864,10.32443145,538.6305786,532.8183197,100,80.86288642,1.389428442,0.43,142.0055756,2.57655173,8.19753012,22.68554677,30.60994925,1.029704914,0.234601768,1.924170098,0.989438855,0.595065806,0.138849714,2.558878409,1.069595509,0.064448337,8112.076111,0.455628957,145.7811096,1,517.7587496,0,0
115,300,17.40730674,540.2747621,3.573934786,540.2805667,125.9188857,4904,64.79411145,42.22718641,325,10.06146983,14.22817334,537.6181131,536.4217085,100,84.48017684,0.64472237,0.434768703,132.3437659,2.989361935,7.630775042,21.52377061,39.34226829,1.950942303,0.159771385,1.700347719,0.824178048,0.689646861,0.168557426,1.519724718,1.630606977,0.090111873,7955.693634,1.350244525,767.7450078,0.312888963,26.04117251,0.131543531,6.158045997
116,300,17.4052709,540.2348522,3.567132274,540.2476813,125.1355591,4904,65.54992984,37.46722053,325,10.0180951,13.89093781,537.4698256,536.2776147,100,84.96366083,0.678894459,0.440721188,132.0576999,2.941961562,7.489064286,20.85755424,38.21494126,1.777999154,0.169268159,1.700523905,0.791954981,0.603487299,0.167737972,1.725799824,1.583101948,0.090654251,8051.97694,1.34726299,704.2363008,0.294163199,28.72198105,0.083929089,8.833226382
117,350,19.23166861,549.0401728,3.858713275,547.9564361,119.2327246,4904,67.66828094,21.62574946,325,7.594163558,16.32696944,549.1191106,547.2768576,100,93.82436293,0.788497214,1.148631743,126.9730772,4.034659932,6.111706451,20.50155262,33.35980715,1.354755493,0.198224679,1.158518213,0.524484952,1.020335483,0.161104197,0.125403205,1.43071766,0.435702876,8227.32435,2.248023243,591.5739985,0.060953811,16.31581088,0.094144756,13.65233636
118,350,19.01505044,548.5036234,3.853313216,547.8438654,120.6767415,4904,67.82558084,23.97080791,325,7.454159298,16.08534833,548.3362977,550.0210974,100,93.17463447,0.804554649,1.195860267,126.5834029,3.686057381,6.242951514,19.80776939,33.17455901,1.379139742,0.194653738,1.081505208,0.569677864,1.033779982,0.162500326,0.094674139,1.404105006,0.391551971,8279.40685,2.649705524,547.1270384,0.118099801,18.39505545,0.099998077,6.713604297
119,1000,25.37983354,569.5818337,4.353082508,569.9132347,123.9914282,4690,66.07926355,16.33142161,326,6.863002654,18.47443771,563.9800614,562.3874918,100,87.02111388,0.799898057,0.312372526,133.6844525,2.63698123,6.055946985,23.51127562,35.68703946,1.090404236,0.190982329,1.089936297,0.53683233,0.654292096,0.165844758,0.547363058,1.239316658,0.093700625,7646.28315,1.573676799,1287.558697,0.383429522,11.38211408,0.229384456,10.08447352
120,300,17.41790593,540.2059982,3.551592117,540.2956681,126.3786304,5910,64.68039686,40.19218185,294,10.18399103,14.34421598,537.7587563,535.9890853,100,85.58390013,0.708319732,0.443406812,131.9453947,2.703738395,7.646196055,21.00177017,38.48878394,1.796494547,0.170973969,1.67197688,0.76172239,0.730227112,0.163204014,1.559103486,1.585265585,0.090017172,8005.337711,1.542251361,764.2790893,0.256173501,28.14780795,0.113191261,6.161148668
121,300,17.4130807,540.2353893,3.549708798,540.2513291,125.720954,5910,64.86973134,40.95894825,294,10.21554918,14.39885394,537.574086,536.4642444,100,85.35339096,0.697971709,0.435256007,131.5434468,2.903448017,7.630119535,19.23071048,38.974076,1.903888517,0.165445202,1.681175479,0.802048709,0.671066599,0.171347985,1.670556803,1.653401274,0.092223964,7992.938974,1.547795217,906.0089375,0.312394182,22.36537397,0.084615147,4.90674519
122,300,17.41004128,540.286124,3.561527148,540.2557386,126.0570186,4302,66.22897965,40.78355135,294,10.06979288,13.99887564,537.6890644,535.9352493,100,84.71696002,0.661429097,0.437990778,131.8978917,2.968377869,7.476899118,20.34641993,38.65906356,1.896801466,0.167611921,1.668785252,0.805309127,0.669147127,0.172439607,1.698870015,1.573584716,0.093266348,8072.222307,1.230385526,800.8598758,0.20889977,28.66551324,0.086319754,7.727771848
123,300,17.41505813,540.297313,3.550416564,540.323368,125.6711248,4302,64.41328413,38.0301254,294,10.21419402,14.49334902,537.5305332,536.2876622,100,84.45976908,0.658564021,0.431321257,132.1398343,2.902989369,7.381726648,21.35225916,39.30048996,1.806369541,0.167043136,1.665428605,0.776550613,0.703269385,0.16811497,1.745764651,1.624312832,0.090245512,7937.894849,0.978570834,643.3896964,0.264025725,29.85560012,0.109460105,6.956141558
124,330,17.37513582,540.8129036,3.811009695,540.7806753,124.1598714,4302,68.67686068,36.85495604,294,9.29957635,14.27622849,538.7577794,538.2752412,100,87.88579286,0.950585292,1.040308745,131.4509163,4.339868328,6.673505545,16.92268198,31.39428044,1.468752841,0.206478286,1.568834966,0.540581344,1.242760563,0.152084482,0.488723119,1.598598304,0.601716082,8142.616764,0.71344435,582.5979552,0.355800908,58.02042943,0.308100964,53.341245
125,330,17.38021852,540.7534806,3.819244607,540.766149,123.9344029,4302,68.80155847,35.41707496,294,9.532963042,14.1618965,538.8959858,538.4627418,100,88.96735998,0.927580373,1.059303286,132.0307506,4.025233863,6.737154885,14.35383145,31.77153986,1.47082518,0.208181422,1.548985998,0.539706144,1.243336827,0.151369139,0.275750488,1.604525676,0.553332686,8126.844292,0.818581435,653.6238838,0.302090999,47.19616184,0.398120159,47.93321525
126,200,13.73,540,2.47,540,126.9,5505,62.59036418,86.76509077,315,11.38251427,10.42518777,538.6122277,532.8939317,100,79.3764017,1.360225591,0.43,142.5433141,2.579651558,8.070186552,22.68452577,30.60532843,1.031217619,0.234871265,1.925630429,0.985772086,0.595814256,0.1394396,2.554749055,1.080490102,0.064662117,8081.115688,0.532404304,154.9824288,1,512.902842,0,0
127,200,13.73,540,2.47,540,126.9,5505,62.6366943,86.81253513,315,11.36642204,10.36151532,538.6186625,532.9975522,100,79.70751561,1.365447233,0.43,142.0744655,2.577987157,8.143554514,22.68745289,30.62988365,1.028580797,0.23422735,1.924612252,0.993005358,0.59543013,0.139407522,2.555607628,1.06864375,0.065348995,8096.732935,0.459499836,156.5329625,1,517.2313414,0,0
128,600,21.0744915,556.1786366,4.185146801,554.0721117,125.4833869,3707,67.04384781,11.12648841,329,8.177780165,15.39236174,551.0039431,553.1150341,100,89.50897274,0.883522781,0.801615672,127.6735931,2.602152304,6.762813688,23.70900452,31.04068817,1.150609689,0.232212596,1.08063742,0.562756199,0.699393467,0.176998376,1.073047651,1.293343008,0.07190906,7839.542373,1.173068046,858.4531482,0.455483988,6.535528033,0.21332522,8.623705321
129,600,21.32586039,554.2308992,4.033607598,554.4987131,125.643722,3707,66.73654569,12.30475383,329,7.917745165,15.61965188,551.9494996,549.8612953,100,89.4095064,0.940446492,0.709244395,128.7557549,2.465863606,6.39268528,24.36445321,29.57095207,1.162143353,0.224680133,1.089649666,0.562376389,0.712530698,0.167676651,0.99021677,1.397611814,0.067576677,7860.917328,1.062149458,779.17215,0.368568064,9.992745395,0.391776546,6.411775516
130,300,17.40595742,540.3211676,3.552665562,540.3557335,126.346328,4380,65.30966264,36.81523213,320,10.24597194,14.26661115,537.5055552,536.1735637,100,84.05051554,0.698612686,0.448827253,131.4071312,2.708214378,7.5254566,21.77150614,38.85904753,1.864654676,0.164294824,1.701052563,0.761001829,0.682272975,0.169196363,1.614436477,1.61293496,0.090973227,8020.606269,1.141618475,839.0951838,0.334824804,22.9683469,0.074046904,4.243054682
131,300,17.4107106,540.2229997,3.553664721,540.2409532,125.5402784,4380,64.92893099,38.02358496,320,10.08100626,14.24030582,537.5837244,536.3318176,100,84.67715294,0.650904863,0.434084575,131.7122121,2.601724604,7.606073685,20.31609363,39.41344935,1.876033319,0.168388326,1.686567466,0.801635348,0.690923028,0.171990202,1.593332584,1.627547925,0.090810354,7905.212358,1.387939716,754.885638,0.213999838,24.42574405,0.079354967,9.222863843
132,300,17.41530009,540.3340231,3.555037968,540.2813384,126.1632306,4380,65.56929692,40.03800291,320,10.1315793,14.50512216,537.5902951,536.5229798,100,85.4290072,0.686289136,0.444430332,131.1690841,2.985252737,7.630974015,19.77648242,38.7531837,1.830878249,0.160209913,1.679884364,0.773031664,0.703766255,0.167869164,1.688049317,1.534967044,0.092206866,7763.777968,1.17914647,774.1379322,0.355478931,29.5202831,0.131735773,6.470153946
133,300,17.42396999,540.2920434,3.560615341,540.3141109,125.4748648,4380,66.08303429,42.12014431,320,10.11283658,14.20521351,537.6357959,536.1835099,100,84.62235496,0.674694161,0.431405888,131.5710662,2.860601387,7.527140701,18.43680638,39.05056538,1.872530611,0.162299017,1.66747751,0.823169986,0.664525167,0.172532376,1.500293704,1.595541545,0.092900358,7868.092618,1.434858139,790.1457063,0.296426865,35.10191259,0.057387595,2.207315029
134,135,13.22,540,2.21,540,127,5037,58.85,81.32,378,15.94,9.53,535.12,534.23,100,82.12,1.37,0.31,136.2,2.63,6.91,40.47,39.93,1.58,0.43,2.41,1.33,0.97,0.28,2.59,2.84,0.08,8376,6,384,0,0,0,0
135,135,13.22,540,2.21,540,127,5037,58.85,81.32,378,15.94,9.53,535.12,534.23,100,82.12,1.37,0.31,136.2,2.63,6.91,40.47,39.93,1.58,0.43,2.41,1.33,0.97,0.28,2.59,2.84,0.08,8376,6,384,0,0,0,0
136,135,13.22,540,2.21,540,127,5037,58.85,81.32,378,15.94,9.53,535.12,534.23,100,82.12,1.37,0.31,136.2,2.63,6.91,40.47,39.93,1.58,0.43,2.41,1.33,0.97,0.28,2.59,2.84,0.08,8376,6,384,0,0,0,0
137,200,13.73,540,2.47,540,126.9,1616,62.61706806,86.02954598,184,11.41799533,10.41313717,538.6489738,532.4268406,100,80.64478151,1.395078298,0.43,142.8230667,2.58230582,8.17736341,22.68691561,30.61924809,1.030631668,0.23420178,1.922325254,0.991993696,0.594524016,0.142603071,2.557247209,1.067663257,0.065279291,8082.384354,0.526235086,159.8936845,1,517.1404247,0,0
138,200,13.73,540,2.47,540,126.9,1616,62.57983626,87.44140932,184,11.44594154,10.40985193,538.5751911,532.8906404,100,79.62339201,1.434614175,0.43,142.5581096,2.574078653,8.120903225,22.68979972,30.63695028,1.029894212,0.233458213,1.923592645,0.996015633,0.594355546,0.139673783,2.56150444,1.072666296,0.064061423,8093.253025,0.423177806,173.6684338,1,515.568074,0,0
139,210,13.73,540,2.47,540,126.9,4734,62.56275418,87.07550672,333,11.41435585,10.36145225,538.5601607,532.9221684,100,79.14090634,1.400131669,0.43,143.1262374,2.565413313,8.163598547,22.68107291,30.60971385,1.029895798,0.234162829,1.924720483,0.987527123,0.594837916,0.137899476,2.561020902,1.070083388,0.064793752,8079.623466,0.499236839,168.9493161,1,510.9329581,0,0
140,210,13.73,540,2.47,540,126.9,4734,62.62048339,86.30241909,333,11.42886462,10.37738951,538.663806,532.6441805,100,80.509803,1.441762529,0.43,142.638111,2.571516933,8.030474072,22.68652991,30.61482099,1.029942758,0.235895781,1.922570002,0.988825083,0.59547017,0.138820385,2.555104126,1.068312962,0.064429054,8085.084046,0.518195284,135.4179768,1,512.2897952,0,0
141,300,17.42402046,540.1780101,3.531592857,540.169329,125.4772133,4752,64.87611464,40.10387464,330,10.11919274,14.09728781,537.527929,536.414466,100,85.26753591,0.700520856,0.439307291,131.0252738,2.675446669,7.564571,21.04121283,38.92366595,1.894124283,0.164779954,1.669223695,0.81432122,0.661958754,0.167121734,1.590244298,1.575431095,0.09237407,8015.013313,1.274477201,839.4104661,0.317682056,33.53032681,0.082477026,3.787548295
142,300,17.41874987,540.3036729,3.572526709,540.3146991,125.987123,4752,65.31900191,39.19685602,330,10.18078582,14.34388054,537.64411,536.6542671,100,84.6128998,0.707350259,0.421677965,132.4420206,2.93118325,7.559343196,20.12534591,39.27927069,1.896871983,0.164936119,1.694723733,0.763880476,0.649089492,0.167592144,1.620979194,1.605376889,0.091321779,8024.389896,1.153558285,760.0224563,0.323442621,23.75718809,0.061422302,7.917575833
143,300,17.41166851,540.2470968,3.553853553,540.2996151,125.8152296,6086,65.51707962,41.52163548,343,9.914811698,14.01534724,537.4167716,536.0981992,100,84.92823682,0.71400722,0.443639967,130.7362549,2.847856032,7.576248299,21.65259818,39.22858186,1.864728635,0.16339099,1.693870932,0.797949481,0.701361113,0.165118281,1.59186679,1.673627682,0.093207337,8069.442691,1.471623411,849.0094044,0.30971758,36.15966346,0.07119972,9.202530087
144,300,17.41854068,540.3228591,3.546877689,540.387665,125.9860436,6086,65.86884668,38.10872809,343,9.972339012,14.47148939,537.7232337,535.7351087,100,84.22695406,0.685687463,0.440679426,132.7784079,2.999251381,7.688509459,18.32444268,39.32189949,1.917615003,0.164077852,1.678313024,0.785300827,0.689521208,0.172889786,1.666082483,1.58381706,0.092291667,7876.0865,1.261909697,699.4110447,0.200647039,30.50091839,0.079094488,4.533994273
145,600,20.2090254,557.1270425,4.136210663,552.6574794,125.3534658,6086,67.43460953,10.0959993,343,8.130959197,15.40734804,550.3697829,547.9471672,100,89.2877619,0.90248685,0.892830752,128.3104295,2.216299163,6.544729626,25.19206189,29.763554,1.203117511,0.232596383,1.103618479,0.58256979,0.771688786,0.175959371,1.177460604,1.279596661,0.072432109,7880.201226,1.223156321,884.0074994,0.388393084,6.197540296,0.438574803,10.45031561
146,600,20.93011764,554.8350481,4.044594398,554.9428712,125.5878034,6086,67.18168692,11.43127878,343,7.906215191,15.04748003,549.4991954,550.2539928,100,89.29094373,0.892000736,0.706726677,126.6717797,1.962338078,6.700396529,24.94665599,29.24336684,1.118118769,0.224581102,1.066765211,0.559213019,0.748728851,0.172225067,1.1295332,1.295673585,0.070820879,7668.016271,1.057385032,856.4708833,0.328892312,9.372074551,0.316079646,9.891201781
147,350,19.15763617,549.6870354,3.865780871,549.2813464,119.4845697,4007,68.31265454,23.67619624,321,7.55440633,16.0871275,551.2765651,550.2427663,100,93.2633106,0.778760024,1.076184098,126.5506647,3.479216286,6.180846762,21.32738636,32.32669,1.33555947,0.20297471,1.119606925,0.544428085,0.939137761,0.158584009,0.14998184,1.402183124,0.504891051,8251.206481,2.408468242,441.9569848,0.08845604,15.07888227,0.019704203,17.02146808
148,350,18.99196769,547.7724753,3.879843011,546.2007722,119.6034435,4007,67.73754036,25.43074031,321,7.492010576,16.30893111,550.082484,546.596038,100,93.16235507,0.798161392,1.15305476,125.586114,3.64395078,6.083486085,20.80816302,31.67204337,1.354883219,0.198466509,1.077773561,0.551409877,1.011521944,0.157810817,0.079655771,1.418532438,0.369159502,8156.916919,1.675646749,515.6302676,0.130848481,13.07368317,0.115347266,12.18356127
149,350,18.8080225,548.4743533,3.86284235,547.6660052,119.4732761,5493,68.17580407,22.45630269,326,7.556219256,16.18030795,548.9330755,546.3976039,100,93.33256156,0.822824887,1.259090642,126.1146828,3.846632043,6.115202425,21.31591147,31.6112626,1.365476799,0.201278706,1.153190322,0.543695865,1.0170957,0.15858882,0.119149643,1.374510098,0.43721554,8176.990354,1.74947417,511.3275637,0.112835142,16.08576181,0.126179597,10.47177027
150,350,18.9291029,547.6901464,3.882084086,548.0773411,119.754339,5493,67.60927872,19.3505348,326,7.480362579,16.47406728,547.9550467,549.3042136,100,92.89626992,0.779100247,1.229091738,126.1639005,3.768719606,6.097476068,22.06291705,31.65802552,1.345837198,0.1960864,1.116116493,0.549120261,0.88391242,0.162345504,0.150799628,1.434592067,0.344355175,8185.479775,2.177664596,569.0892971,0.096668049,22.47551626,0.066596072,20.48919462
151,300,17.41635248,540.2419693,3.571139497,540.2187567,126.0164936,5353,64.950553,41.35501474,333,10.18893612,14.18198039,537.5430569,536.2799504,100,85.2427038,0.659305692,0.429701465,132.5326733,2.880120199,7.588896577,20.58208507,39.0594716,1.797748372,0.157851509,1.711240111,0.79961085,0.748205906,0.169004219,1.397262227,1.654499874,0.090320741,7934.520314,1.252720866,661.2816987,0.301076643,16.58974814,0.102526887,6.076817313
152,300,17.42175207,540.2393135,3.563814874,540.2446616,126.2929834,5353,65.58210522,40.61114768,333,10.21041088,14.06101555,537.6144875,536.238028,100,84.60417243,0.725453304,0.431335465,132.4771108,2.722403559,7.335324491,19.67688419,38.77570907,1.813046905,0.172260113,1.708140168,0.798669794,0.687943732,0.170793025,1.587556768,1.658727867,0.08970512,7831.588917,1.445860985,781.485284,0.296343587,28.93015197,0.066603726,4.627352677
153,350,18.82328171,548.1485435,3.862098469,549.0039826,120.13454,4574,68.13398747,22.79349098,328,7.451457459,16.22253332,549.2479717,548.7031978,100,93.56521011,0.811479497,1.176824076,125.9696112,3.766377011,6.08585429,21.37389854,31.79794591,1.358107166,0.198641483,1.137406978,0.54894444,1.061541541,0.158733063,0.165481261,1.40523647,0.310279668,8215.518833,2.254181273,504.3119744,0.095208167,9.782235024,0.09735724,15.18542892
154,350,18.98271835,548.2806057,3.894756754,548.2696245,120.5946203,4574,67.9609771,21.59745533,328,7.639243662,16.22017383,549.01943,547.6988066,100,93.2945503,0.814887263,1.205484174,125.8080387,3.433282454,6.042008852,19.23361987,31.91334549,1.377243289,0.198988934,1.117100242,0.539030254,0.956002894,0.157779892,0.117625673,1.401504795,0.470190265,8233.64726,2.265729611,492.2088595,0.030225714,20.43755744,0.0919446,14.34597047
155,300,17.41262185,540.221138,3.568602631,540.2700244,126.1810519,4872,65.47286832,40.9300126,283,9.900558068,14.14413846,537.7394267,536.4091716,100,84.08242353,0.683399036,0.443669711,132.3679982,2.571569164,7.531886841,21.45521169,38.3413603,1.917413359,0.160894636,1.677568649,0.80236683,0.68001247,0.175349295,1.578949248,1.626634902,0.091706436,7989.904573,1.254768301,794.1804348,0.253580012,34.05251869,0.066445292,6.562985376
156,300,17.41307031,540.2381517,3.558740721,540.3024997,125.6767494,4872,66.00233751,42.91901301,283,9.936471055,14.20888399,537.5084848,536.3479777,100,85.187644,0.659623722,0.45160993,131.8932879,2.712224576,7.566214589,20.6190766,38.90628414,1.909322872,0.165938898,1.71367112,0.821355395,0.649140838,0.171985198,1.57599334,1.616442626,0.093183768,7975.40515,1.129707494,952.6724215,0.294633418,32.36882307,0.127403386,7.263485521
157,350,19.07471062,549.5409569,3.860660758,547.9504184,120.014276,4891,67.98277283,24.72685608,323,7.480253077,15.83120292,550.8591912,549.6269951,100,93.01015601,0.775523824,1.1449125,127.1195936,4.082144558,6.13393076,18.90434631,32.05625619,1.344749731,0.195287199,1.172620609,0.563029259,0.946979067,0.164907412,0.129896116,1.420165871,0.505167111,8154.881723,1.929207087,575.7912704,0.060731886,19.71802997,0.089708179,21.4422231
158,350,19.83903499,547.6163765,3.883155639,546.7958789,119.4003955,4891,67.72799917,22.30602275,323,7.695199817,16.41005655,549.4993436,547.2316666,100,93.19228641,0.792033675,1.167171246,127.1297412,3.65075454,6.048210717,21.34951877,33.13344389,1.327475474,0.195455104,1.106169882,0.55652819,1.082326211,0.162882204,0.159772995,1.431501741,0.513013111,8171.491099,2.400258902,543.2528679,0.11928966,20.14875574,0.028931156,14.95207812
159,660,25.36216305,569.5094118,4.269089945,570.0971189,123.6916154,4763,65.83267725,15.03645035,292,6.998002477,17.92517576,565.3699538,562.1738942,100,88.2001584,0.816955192,0.312776126,135.9927333,2.576150965,6.291209949,23.92419175,36.2378422,1.418095512,0.188629405,0.930878465,0.568998238,0.676320758,0.166231947,0.848899357,1.340071286,0.107669166,7628.440676,1.883231246,1161.292034,0.303423311,12.51198618,0.31628604,11.45630128
160,660,25.36154481,569.6561022,4.237188234,570.0744566,123.7546151,4763,62.02927664,13.74829712,292,7.183055154,17.92762257,565.7492803,561.8323753,100,87.9852462,0.825005608,0.304452865,135.3931929,2.598810893,6.374279515,23.17783635,36.85058482,1.304595249,0.193951015,1.013819301,0.579272182,0.645914496,0.169796035,0.891206589,1.376981598,0.108865412,7626.332482,1.69820596,1240.602692,0.297308626,10.88355606,0.271029011,7.997694941
161,350,19.00341514,548.865481,3.888631642,548.6912839,120.4947363,5503,67.47933845,25.51803086,320,7.60686132,16.5747691,550.6380817,547.500111,100,92.8686501,0.754009459,1.185227963,127.1123198,3.946636886,6.170869071,20.09197313,32.77345241,1.361661704,0.198418477,1.169001721,0.545987404,1.028361927,0.157918348,0.140598661,1.441197364,0.438867643,8141.392658,2.33989056,567.1040014,0.135858886,19.82403795,0.139360349,18.365665
162,350,19.22845919,545.8077778,3.859228955,547.7331454,119.0492639,5503,68.02428668,25.22219142,320,7.280374071,16.09375536,548.9952099,546.9139092,100,93.06878853,0.774348643,1.28372509,125.4612799,3.479529823,6.088251554,21.39985989,31.64662169,1.358231487,0.198533907,1.150259412,0.5416467,0.983521215,0.164596071,0.187789414,1.50859853,0.612556054,8231.858199,2.126749255,498.6862626,0.100443248,2.453629113,0.11200324,19.04350808
163,350,19.07756834,547.5406065,3.864087048,546.1203115,120.5203401,5521,68.05337675,17.19095771,295,7.806794581,15.90833236,549.3144279,549.4035415,100,93.73938039,0.705230622,1.255964457,125.1012304,3.754530723,6.178376467,21.03039975,33.27030544,1.348689335,0.199947336,1.140017478,0.538531535,0.976339223,0.157871946,0.164558999,1.399300263,0.441886833,8223.406285,2.388309848,561.5103765,0.121826137,28.81327265,0.092544516,16.32549178
164,350,19.01515246,548.6360094,3.87548306,547.6607626,118.96871,5521,67.75275923,24.85494091,295,7.584497144,15.86342255,548.7872628,546.925683,100,93.30582287,0.814968904,1.188008087,126.4115134,3.482381308,6.124725696,20.43915549,32.07654545,1.335250587,0.194355648,1.141649458,0.547795893,1.073434944,0.153361554,0.12785149,1.462528175,0.452670398,8212.396687,2.175993313,515.0807669,0.103630645,11.05198441,0.123549705,17.06904156
165,350,19.21794981,547.8453298,3.883981087,547.3882591,120.3116945,5452,67.75716528,21.6618341,334,7.424926625,15.86819772,549.8516302,546.9913461,100,93.54054065,0.762201454,1.137188933,126.0384984,3.430329798,6.161041673,19.99888174,31.80516419,1.374761653,0.201521148,1.144893213,0.56754994,0.978515147,0.159879767,0.246392407,1.404559381,0.434219761,8303.647767,2.45112715,548.3939914,0.014753571,23.77689731,0.099717146,14.4160214
166,350,19.63767074,548.6937671,3.888558454,549.6994992,120.0980272,5452,68.04760048,23.64849488,334,7.410284037,16.04947063,548.2623886,548.6654971,100,92.90316504,0.753540664,1.249617598,125.9339957,3.804824058,6.131015576,21.57042886,33.58394309,1.374869535,0.198271069,1.094318265,0.532948926,0.999998545,0.158806003,0.076560135,1.413242843,0.459745334,8232.318948,2.420653317,477.2950424,0.089169964,11.44867387,0.101988998,13.57634696
167,350,19.06532405,548.3858768,3.897629587,548.1957466,120.5054282,4894,68.26333075,20.60798376,341,7.603719948,15.92847111,547.4603047,547.9491669,100,93.29949607,0.759007672,1.158186858,126.7121394,3.480054222,6.228927966,20.94493309,32.22559671,1.322961016,0.197380558,1.152360846,0.527544707,0.986563737,0.160542063,0.182655605,1.403369235,0.293586499,8221.093599,2.322036669,552.5034217,0.055436973,7.351363482,0.100989951,13.38070752
168,350,18.9198728,545.8906687,3.894763991,548.1358128,119.6823525,4894,68.01727249,22.7016861,341,7.744025309,16.29272898,548.4934623,549.7933966,100,93.20968713,0.768816569,1.289645117,125.6596305,3.994267301,6.022221304,21.13808038,32.85645784,1.352766015,0.199392704,1.120787212,0.536533101,0.971798752,0.162239836,0.159888623,1.440711666,0.348794167,8218.883674,1.834643931,523.8086505,0.08935165,17.77733167,0.117817397,10.04568355
169,660,25.36019885,569.5114336,4.268716877,570.2852157,124.0292608,4250,62.64949733,15.22951805,338,7.011118926,17.94362857,566.1713476,562.2679835,100,87.81511956,0.800694315,0.320031909,136.7278368,2.542141639,6.255868549,23.46141655,35.2940402,1.431469689,0.185724707,1.019237505,0.583156934,0.688282953,0.167798223,0.790687605,1.327776014,0.099138209,7596.757173,1.782772261,1226.942805,0.27606082,9.85002917,0.279123686,16.32157476
170,660,25.369196,569.653886,4.272368433,570.2319039,124.0789924,4250,62.98095262,13.89769054,338,7.125047217,18.06938477,565.3392707,562.4272261,100,87.70515303,0.819843775,0.314081446,135.5424464,2.460844616,6.301549845,23.47060242,36.00284857,1.244207022,0.18566212,0.99693344,0.57743455,0.702745742,0.167676758,0.852775743,1.357015396,0.105989117,7606.221724,1.856224758,1118.342474,0.244268384,15.67330234,0.271076619,11.72500701
171,350,19.17466452,549.1513053,3.876939248,547.3026828,120.1560103,4354,68.29308263,23.92268554,346,7.596499499,16.06069913,547.761687,548.808809,100,93.68029885,0.759627075,1.127466422,126.7052772,3.854777334,6.043087546,20.70655201,33.32440706,1.369139595,0.196316868,1.131422332,0.527836766,1.005079376,0.1645213,0.181215212,1.427199777,0.573438504,8303.979494,1.593822639,495.2081757,0.139434995,12.50534779,0.073960449,15.87012246
172,350,19.34367625,548.0627124,3.8567393,548.1857145,119.7132717,4354,68.18240628,22.4437268,346,7.542644558,16.46010826,550.6339436,549.4635197,100,93.70146866,0.794829788,1.265939048,126.3302402,3.646625071,5.973638832,19.33508253,32.32786678,1.352472347,0.198117211,1.094846467,0.558293471,1.020354468,0.159690093,0.145741517,1.442620168,0.532447415,8141.610553,2.129642411,487.6048516,0.089135115,16.98089075,0.097057536,17.12276075
173,660,25.36757789,569.5047488,4.283637304,570.0866894,123.7348078,1954,61.64036705,14.76829862,313,7.105824176,18.02093066,565.3721801,563.0605899,100,89.02354966,0.836261391,0.301131346,135.4683176,2.50207594,6.248952788,23.54486896,35.86168454,1.365434358,0.185534035,0.985586435,0.5803354,0.641952611,0.169615905,0.799889842,1.418079468,0.10419691,7646.157389,1.91415428,1088.93794,0.295906724,16.84187058,0.276001896,8.469772893
174,660,25.36059355,569.5831769,4.217194751,570.2356492,124.0828112,1954,64.34974759,14.22072535,313,7.129015003,18.00895341,565.6188736,562.6980913,100,88.0443142,0.825056109,0.318130449,136.5844597,2.531850942,6.25635666,23.21222198,36.10615052,1.359074547,0.191342656,0.960507467,0.570042996,0.650033127,0.166456793,0.997325832,1.319255757,0.098951775,7615.731606,1.979703471,1179.393483,0.231036751,8.692124165,0.282922445,8.668093369
175,1000,25.37465915,569.6747451,4.329537469,569.7742555,123.9107095,3967,65.54110936,13.6715307,295,7.042011603,18.75844641,564.62086,562.115519,100,86.41170912,0.798190005,0.31192329,132.9860772,2.605897899,6.065345485,23.45471895,35.26898442,1.102262717,0.18939733,1.1333918,0.544253694,0.673775885,0.163279572,0.522329685,1.207272014,0.108216788,7625.328686,1.539179974,1112.366886,0.346893326,10.33746704,0.22851762,10.66926125
176,1000,25.37529115,569.8586826,4.252623886,569.6901505,124.1660881,3967,65.79132077,11.76394806,295,6.86302656,18.62633735,564.3980197,561.8857409,100,86.17629816,0.810131565,0.306143976,132.5276754,2.57853534,6.033501294,23.46927487,35.15108621,1.240235978,0.191905399,1.079924002,0.539492032,0.669815071,0.169096754,0.416289048,1.261976653,0.091619772,7493.345787,1.665186915,1165.757373,0.192308198,6.801282872,0.339708935,12.88744797
177,660,25.37179775,569.5157508,4.122224371,570.1667776,123.9084654,5383,63.59834817,16.19897438,315,7.255827378,17.91810339,566.0929467,562.1595966,100,87.39583648,0.805956137,0.301758781,135.3968686,2.533690198,6.428210324,23.40421073,34.24289781,1.421481467,0.185167103,0.922518317,0.550150448,0.647989435,0.16774068,0.925768527,1.358918429,0.095753048,7648.446666,1.817159164,1186.725551,0.176810873,7.705163347,0.312815634,10.88463684
178,660,25.36335052,569.3933033,4.263201323,570.1189092,123.9178584,5383,63.47818424,15.63731774,315,7.106038337,17.92500382,565.3489206,562.876221,100,87.97747978,0.819946482,0.308779115,135.7435668,2.569790837,6.390995796,23.57468384,35.80498484,1.378024391,0.189747761,0.959771062,0.572614696,0.654734261,0.170403728,0.931387071,1.380985979,0.096894853,7596.460675,1.908623251,1184.777256,0.266161724,5.716240991,0.30582152,10.75543075
